habitat;Saldula saltatoria;Nabis punctatus punctatus;Nabis spp;Deraeocoris punctulatus;Lygocoris contaminatus;Lygus pratensis;Lygus gemellatus;Psallus anticus ;Ligyrocoris sylvestris;Nysius spp;Rhyparochromus pini;Trapezonotus arenarius;Emblethis denticollis;Peritrechus nubilus;Drymus brunneus;Drymus sylvaticus;Plinthisus longicollis;Plinthisus reyi;Stygnocoris sabulosus;Pterotmetus staphyliniformis;Philomyrmex insignis;Eremocoris plebejus plebejus;Eremocoris fenestratus;Eremocoris podagricus;Eremocoris abietis;Corizus hyoscyami;Elasmucha grisea;Cydnidae;Dolycoris baccarum;Eurydema ventralis
dry stone-lichen pine forest;0;0.17;0;0;0;0.09;0.09;0.09;0;0.09;0;0;0;0.09;0.09;0;0;0.09;0;0.09;0;0.34;0.09;0;0;0.09;0;0;0.26;0.09
wet herb-and-birch pine forest;0;0;0;0;0;0;0;0;0;0;0.23;0;0;0;2.25;0;0;0;0.23;0;0;0;0.34;0;0;0;0.23;0;0.23;0
wet herb-and- stone bramble pine forest ;0;0.13;0;0;0.25;0;0;0;0;0;0;0;0;0;1;0;0.25;0;0;0;0;0;0;0;0.25;0;0.25;0.12;0;0
wet herb-moss-and-fern pine forest ;0.09;0;0;0.09;0.19;0;0;0;0;0;0;0.19;0.09;0;2.87;0.09;0.19;0;0.38;0;0;0;0.28;0;0.28;0;0.77;0;0.19;0
mountain birch forest;0;0;0.1;0.1;0;0;0.1;0;0.1;0;0.1;0.3;0;0;0.9;0;0.3;0;0;0;0.2;0.1;0.5;0.1;0.2;0;0.5;0;0.1;0
