occurrenceID,species,rank,YE,eventDate,countryCode,county,locality,decimalLatitude,decimalLongitude,geodeticDatum,coordinateUncertaintyInMeters,organismQuantity,organismQuantityType,habitat,recordedBy,associatedReferences,institutionCode
iee-2010-01,"Achipteria coleoptrata (Linnaeus, 1758)",SPECIES,2010,2010-06-09,RU,Bezhanitsky district,Polistovsky Nature Reserve,57.09932,30.38153,WGS1984,10,3,ind / soil or litter samle,bog,A.S. Zaitsev | V.N. Pavlov | K.S. Speranskaya,"Zaitsev A.S. 2013. Oribatid mite communities (Acari: Oribatida) in different habitats of the Polistovsky Nature Reserve (Pskov Region, Russia). Estonian Journal of Ecology. Vol. 62. P. 276-286. DOI: 10.3176/eco.2013.4.04.",IEE RAS
iee-2010-02,"Achipteria coleoptrata (Linnaeus, 1758)",SPECIES,2010,2010-06-27,RU,Bezhanitsky district,Polistovsky Nature Reserve,57.36917,30.76238,WGS1985,10,21,ind / soil or litter samle,Upland meadow,A.S. Zaitsev | V.N. Pavlov | K.S. Speranskaya,"Zaitsev A.S. 2013. Oribatid mite communities (Acari: Oribatida) in different habitats of the Polistovsky Nature Reserve (Pskov Region, Russia). Estonian Journal of Ecology. Vol. 62. P. 276-286. DOI: 10.3176/eco.2013.4.04.",IEE RAS
iee-2010-03,"Achipteria coleoptrata (Linnaeus, 1758)",SPECIES,2010,2010-27-06,RU,Bezhanitsky district,Polistovsky Nature Reserve,57.51655,30.75967,WGS1986,10,5,ind / soil or litter samle,alder forest,A.S. Zaitsev | V.N. Pavlov | K.S. Speranskaya,"Zaitsev A.S. 2013. Oribatid mite communities (Acari: Oribatida) in different habitats of the Polistovsky Nature Reserve (Pskov Region, Russia). Estonian Journal of Ecology. Vol. 62. P. 276-286. DOI: 10.3176/eco.2013.4.04.",IEE RAS
iee-2010-04,"Achipteria coleoptrata (Linnaeus, 1758)",SPECIES,2015,15 июня 2015,RU,Bezhanitsky district,Polistovsky Nature Reserve,57.05683,30.64625,WGS1987,10,5,ind / soil or litter samle,aspen forest,A.S. Zaitsev | V.N. Pavlov | K.S. Speranskaya,"Zaitsev A.S. 2013. Oribatid mite communities (Acari: Oribatida) in different habitats of the Polistovsky Nature Reserve (Pskov Region, Russia). Estonian Journal of Ecology. Vol. 62. P. 276-286. DOI: 10.3176/eco.2013.4.04.",IEE RAS
iee-2010-05,"Galluma obwia (Berlese, 1914)",SPECIES,2010,2010-05-26,RU,Bezhanitsky district,Polistovsky Nature Reserve,57.09932,30.38153,WGS1988,10,3,ind / soil or litter samle,bog,A.S. Zaitsev | V.N. Pavlov | K.S. Speranskaya,"Zaitsev A.S. 2013. Oribatid mite communities (Acari: Oribatida) in different habitats of the Polistovsky Nature Reserve (Pskov Region, Russia). Estonian Journal of Ecology. Vol. 62. P. 276-286. DOI: 10.3176/eco.2013.4.04.",IEE RAS
iee-2010-06,Tectocepheus velatus (Michael 1880),SPECIES,2015,2015-07-18,RU,Bezhanitsky district,Polistovsky Nature Reserve,57.09932,30.38153,WGS1989,10,1,ind / soil or litter samle,Bottomland meadow,A.S. Zaitsev | V.N. Pavlov | K.S. Speranskaya,"Zaitsev A.S. 2013. Oribatid mite communities (Acari: Oribatida) in different habitats of the Polistovsky Nature Reserve (Pskov Region, Russia). Estonian Journal of Ecology. Vol. 62. P. 276-286. DOI: 10.3176/eco.2013.4.04.",IEE RAS
iee-2010-07,"Achipteria coleoptrata (Linnaeus, 1758)",SPECIES,2013,2013-08-13,RU,Bezhanitsky district,Polistovsky Nature Reserve,57.10187,30.38912,WGS1990,10,25,ind / soil or litter samle,mixed forest,A.S. Zaitsev | V.N. Pavlov | K.S. Speranskaya,"Zaitsev A.S. 2013. Oribatid mite communities (Acari: Oribatida) in different habitats of the Polistovsky Nature Reserve (Pskov Region, Russia). Estonian Journal of Ecology. Vol. 62. P. 276-286. DOI: 10.3176/eco.2013.4.04.",IEE RAS
iee-2010-08,Mediophia hygrophila (Mahunka 1987),SPECIES,2008,2008-09-05,RU,Bezhanitsky district,Polistovsky Nature Reserve,57.10317,30.39072,WGS1991,10,52,ind / soil or litter samle,peatbog,A.S. Zaitsev | V.N. Pavlov | K.S. Speranskaya,"Zaitsev A.S. 2013. Oribatid mite communities (Acari: Oribatida) in different habitats of the Polistovsky Nature Reserve (Pskov Region, Russia). Estonian Journal of Ecology. Vol. 62. P. 276-286. DOI: 10.3176/eco.2013.4.04.",IEE RAS
iee-2010-09,"Scheloribates laevigatus (Koch, 1835)",SPECIES,2010,2010-08-01,RU,Bezhanitsky district,Polistovsky Nature Reserve,57.44173,30.68007,WGS1992,10,36,ind / soil or litter samle,meadow,A.S. Zaitsev | V.N. Pavlov | K.S. Speranskaya,"Zaitsev A.S. 2013. Oribatid mite communities (Acari: Oribatida) in different habitats of the Polistovsky Nature Reserve (Pskov Region, Russia). Estonian Journal of Ecology. Vol. 62. P. 276-286. DOI: 10.3176/eco.2013.4.04.",IEE RAS
iee-2010-10,"Microtritia minima (Berlese, 1904)",SPECIES,2010,2010-12-31,RU,Bezhanitsky district,Polistovsky Nature Reserve,57.44173,30.68007,WGS1993,10,26,ind / soil or litter samle,meadow,A.S. Zaitsev | V.N. Pavlov | K.S. Speranskaya,"Zaitsev A.S. 2013. Oribatid mite communities (Acari: Oribatida) in different habitats of the Polistovsky Nature Reserve (Pskov Region, Russia). Estonian Journal of Ecology. Vol. 62. P. 276-286. DOI: 10.3176/eco.2013.4.04.",IEE RAS
iee-2010-11,Rhysotritia duplicata (Grandjean 1953),FORM,2017,2017-07-07,RU,Bezhanitsky district,Polistovsky Nature Reserve,57.44173,30.68007,WGS1994,10,4,ind / soil or litter samle,meadow,A.S. Zaitsev | V.N. Pavlov | K.S. Speranskaya,"Zaitsev A.S. 2013. Oribatid mite communities (Acari: Oribatida) in different habitats of the Polistovsky Nature Reserve (Pskov Region, Russia). Estonian Journal of Ecology. Vol. 62. P. 276-286. DOI: 10.3176/eco.2013.4.04.",IEE РАН
iee-2010-12,"Scheloribates laevigatus (Koch, 1835)",SPECIES,2015,2015-09-01,RU,Bezhanitsky district,Polistovsky Nature Reserve,57.10197,130.43063,WGS1995,10,21,ind / soil or litter samle,mixed forest,A.S. Zaitsev | V.N. Pavlov | K.S. Speranskaya,"Zaitsev A.S. 2013. Oribatid mite communities (Acari: Oribatida) in different habitats of the Polistovsky Nature Reserve (Pskov Region, Russia). Estonian Journal of Ecology. Vol. 62. P. 276-286. DOI: 10.3176/eco.2013.4.04.",IEE RAS
iee-2010-13,Parakalumnidae,SPECIES,2017,2017-06-29,RU,Bezhanitsky district,Polistovsky Nature Reserve,57.05702,30.64175,WGS1996,10,15,ind / soil or litter samle,mixed forest (Alnus + Betula),A.S. Zaitev | V.N. Pavlov | K.S. Speranskaya,"Zaitsev A.S. 2013. Oribatid mite communities (Acari: Oribatida) in different habitats of the Polistovsky Nature Reserve (Pskov Region, Russia). Estonian Journal of Ecology. Vol. 62. P. 276-286. DOI: 10.3176/eco.2013.4.04.",IEE RAS
iee-2010-14,"Platynothrus peltifer (Koch, 1840)",SPECIES,2015,2015-05-30,RU,Bezhanitsky district,Polistovsky Nature Reserve,57.05702,30.64175,WGS1997,10,20,ind / soil or litter samle,mixed forest (Alnus + Betula),A.S. Zaitsev | V.N. Pavlov | K.S. Speranskaya,"Zaitsev A.S. 2013. Oribatid mite communities (Acari: Oribatida) in different habitats of the Polistovsky Nature Reserve (Pskov Region, Russia). Estonian Journal of Ecology. Vol. 62. P. 276-286. DOI: 10.3176/eco.2013.4.04.",IEE RAS
iee-2010-15,Xenillus tegeocranus (Hermann 1804),SPECIES,2015,2015-06-18,RU,Bezhanitsky district,Polistovsky Nature Reserve,57.05702,30.64175,WGS1998,10,2,ind / soil or litter samle,mixed forest (Alnus + Betula),A.S. Zaitsev | V.N. Pavlov | K.S. Speranskaya,"Zaitsev A.S. 2013. Oribatid mite communities (Acari: Oribatida) in different habitats of the Polistovsky Nature Reserve (Pskov Region, Russia). Estonian Journal of Ecology. Vol. 62. P. 276-286. DOI: 10.3176/eco.2013.4.04.",IEE RAS
iee-2010-16,"Hoplophthiracarus illinoisensis (Ewing, 1909)",SPECIES,2018,2018-07-25,RU,Bezhanitsky district,Polistovsky Nature Reserve,57.17098,30.6404,WGS1999,10,24,ind / soil or litter samle,Transition bog,A.S. Zaitsev | V.N. Pavlov | K.S. Speranskaya,"Zaitsev A.S. 2013. Oribatid mite communities (Acari: Oribatida) in different habitats of the Polistovsky Nature Reserve (Pskov Region, Russia). Estonian Journal of Ecology. Vol. 62. P. 276-286. DOI: 10.3176/eco.2013.4.04.",IEE RAS
iee-2010-17,Tectocepheus velatus (Michael 1880),SPECIES,2010,2010-08-31,RU,Bezhanitsky district,Polistovsky Nature Reserve,57.17098,30.6404,WGS2000,10,3,ind / soil or litter samle,Transition bog,A.S. Zaitsev | V.N. Pavlov | K.S. Speranskaya,"Zaitsev A.S. 2013. Oribatid mite communities (Acari: Oribatida) in different habitats of the Polistovsky Nature Reserve (Pskov Region, Russia). Estonian Journal of Ecology. Vol. 62. P. 276-286. DOI: 10.3176/eco.2013.4.04.",IEE RAS
iee-2010-18,"Trichoribates trimaculatus (C.L.Koch, 1836)",SPECIES,2010,2010-08-15,RU,Bezhanitsky district,Polistovsky Nature Reserve,57.17098,30.6404,WGS2001,10,1,ind / soil or litter samle,Transition bog,A.S. Zaitsev | V.N. Pavlov | K.S. Speranskaya,"Zaitsev A.S. 2013. Oribatid mite communities (Acari: Oribatida) in different habitats of the Polistovsky Nature Reserve (Pskov Region, Russia). Estonian Journal of Ecology. Vol. 62. P. 276-286. DOI: 10.3176/eco.2013.4.04.",IEE RAS
iee-2010-19,"Oppiella nova (Oudemans, 1902)",SPECIES,2012,201208-07,RU,Bezhanitsky district,Polistovsky Nature Reserve,57.1042,30.38997,WGS2002,10,28,ind / soil or litter samle,Raised peat bog,A.S. Zaitsev | V.N. Pavlov | K.S. Speranskaya,"Zaitsev A.S. 2013. Oribatid mite communities (Acari: Oribatida) in different habitats of the Polistovsky Nature Reserve (Pskov Region, Russia). Estonian Journal of Ecology. Vol. 62. P. 276-286. DOI: 10.3176/eco.2013.4.04.",IEE RAS
iee-2010-20,"Nanhermania dorsalis (Banks, 1896)",SPECIES,2011,2011-07-18,RU,Bezhanitsky district,Polistovsky Nature Reserve,57.1042,30.38997,WGS2003,10,3,ind / soil or litter samle,Raised peat bog,A.S. Zaitsev | V.N. Pavlov | K.S. Speranskaya,"Zaitsev A.S. 2013. Oribatid mite communities (Acari: Oribatida) in different habitats of the Polistovsky Nature Reserve (Pskov Region, Russia). Estonian Journal of Ecology. Vol. 62. P. 276-286. DOI: 10.3176/eco.2013.4.04.",IEE RAS
iee-2010-21,"Phthiracarus globosus (Koch, 1841)",ORDER,2010,2010-06-14,RU,Bezhanitsky district,Polistovsky Nature Reserve,57.10187,30.38912,WGS2004,10,1,ind / soil or litter samle,Spruce forest,A.S. Zaitsev | V.N. Pavlov | K.S. Speranskaya,"Zaitsev A.S. 2013. Oribatid mite communities (Acari: Oribatida) in different habitats of the Polistovsky Nature Reserve (Pskov Region, Russia). Estonian Journal of Ecology. Vol. 62. P. 276-286. DOI: 10.3176/eco.2013.4.04.",IEE RAS
iee-2010-22,"Opiella nova (Oydemans, 1902)",SPECIES,2013,2013-07-10,RU,Bezhanitsky district,Polistovsky Nature Reserve,57.09835,30.38092,WGS2005,10,2,ind / soil or litter samle,Transition bog,A.S. Zaitsev | V.N. Pavlov | K.S. Speranskaya,"Zaitsev A.S. 2013. Oribatid mite communities (Acari: Oribatida) in different habitats of the Polistovsky Nature Reserve (Pskov Region, Russia). Estonian Journal of Ecology. Vol. 62. P. 276-286. DOI: 10.3176/eco.2013.4.04.",IEE RAS
iee-2010-23,Tectocepheus velatus (Michael 1880),SPECIES,2010,,RU,Bezhanitsky district,Polistovsky Nature Reserve,57.09835,30.38092,WGS2006,10,11,ind / soil or litter samle,Transition bog,A.S. Zaitsev | V.N. Pavlov | K.S. Speranskaya,"Zaitsev A.S. 2013. Oribatid mite communities (Acari: Oribatida) in different habitats of the Polistovsky Nature Reserve (Pskov Region, Russia). Estonian Journal of Ecology. Vol. 62. P. 276-286. DOI: 10.3176/eco.2013.4.04.",IEE RAS
iee-2010-24,"Zetominus furcatus (Warburton and Pearce, 1905)",SPECIES,2015,2015-06-30,RU,Bezhanitsky district,Polistovsky Nature Reserve,57.09835,30.38092,WGS2007,10,1,ind / soil or litter samle,Transition bog,A.S. Zaitsev | V.N. Pavlov | K.S. Speranskaya,"Zaitsev A.S. 2013. Oribatid mite communities (Acari: Oribatida) in different habitats of the Polistovsky Nature Reserve (Pskov Region, Russia). Estonian Journal of Ecology. Vol. 62. P. 276-286. DOI: 10.3176/eco.2013.4.04.",IEE RAS
iee-2010-25,"Hoplophthiracarus illinoisensis (Ewing, 1909)",SPECIES,2018,2018-07-31,RU,Bezhanitsky district,Polistovsky Nature Reserve,30.64515,57.17425,WGS2008,10,12,ind / soil or litter samle,Raised peat bog,A.S. Zaitsev | V.N. Pavlov | K.S. Speranskaya,"Zaitsev A.S. 2013. Oribatid mite communities (Acari: Oribatida) in different habitats of the Polistovsky Nature Reserve (Pskov Region, Russia). Estonian Journal of Ecology. Vol. 62. P. 276-286. DOI: 10.3176/eco.2013.4.04.",IEE RAS
iee-2010-26,"Scheloribates laevigatus (Koch, 1835)",SPECIES,2013,2013-06-17,RU,Bezhanitsky district,Polistovsky Nature Reserve,57.17425,30.64515,WGS2009,10,1,ind / soil or litter samle,Raised peat bog,A.S. Zaitsev | V.N. Pavlov | K.S. Speranskaya,"Zaitsev A.S. 2013. Oribatid mite communities (Acari: Oribatida) in different habitats of the Polistovsky Nature Reserve (Pskov Region, Russia). Estonian Journal of Ecology. Vol. 62. P. 276-286. DOI: 10.3176/eco.2013.4.04.",IEE RAS
iee-2010-27,"Chamobates cuspidatus (Michael, 1884)",SPECIES,2012,2012-06-25,RU,Bezhanitsky district,Polistovsky Nature Reserve,57.35305,30.81247,WGS2010,10,1,ind / soil or litter samle,Raised peat bog,A.S. Zaitsev | V.N. Pavlov | K.S. Speranskaya,"Zaitsev A.S. 2013. Oribatid mite communities (Acari: Oribatida) in different habitats of the Polistovsky Nature Reserve (Pskov Region, Russia). Estonian Journal of Ecology. Vol. 62. P. 276-286. DOI: 10.3176/eco.2013.4.04.",IEE RAS
iee-2010-28,"Scheloribates latipes (C.L.Koch, 1844)",SPECIES,2014,2014-07-18,RU,Bezhanitsky district,Polistovsky Nature Reserve,57.35305,30.81247,WGS2011,10,6,ind / soil or litter samle,Upland meadow,A.S. Zaitsev | V.N. Pavlov | K.S. Speranskaya,"Zaitsev A.S. 2013. Oribatid mite communities (Acari: Oribatida) in different habitats of the Polistovsky Nature Reserve (Pskov Region, Russia). Estonian Journal of Ecology. Vol. 62. P. 276-286. DOI: 10.3176/eco.2013.4.04.",IEE RAS
iee-2010-29,"Minunthozetes semirufus (Koch, 1841)",SPECIES,2010,2010-07-08,RU,Bezhanitsky district,Polistovsky Nature Reserve,57.35305,30.81247,WGS2012,10,4,ind / soil or litter samle,Upland meadow,A.S. Zaitsev | V.N. Pavlov | K.S. Speranskaya,"Zaitsev A.S. 2013. Oribatid mite communities (Acari: Oribatida) in different habitats of the Polistovsky Nature Reserve (Pskov Region, Russia). Estonian Journal of Ecology. Vol. 62. P. 276-286. DOI: 10.3176/eco.2013.4.04.",IEE RAS
iee-2010-30,"Phthiracarus globosus (Koch, 1841)",SPECIES,2015,2015-08-09,RU,Bezhanitsky district,Polistovsky Nature Reserve,57.35305,30.81247,WGS2013,10,7,ind / soil or litter samle,Upland meadow,A.S. Zaitsev | V.N. Pavlov | K.S. Speranskaya,"Zaitsev A.S. 2013. Oribatid mite communities (Acari: Oribatida) in different habitats of the Polistovsky Nature Reserve (Pskov Region, Russia). Estonian Journal of Ecology. Vol. 62. P. 276-286. DOI: 10.3176/eco.2013.4.04.",IEE RAS
iee-2010-31,"Malaconothrus monodactylus (Michael, 1888) ",SPECIES,2008,2008-08-08,RU,Bezhanitsky district,Polistovsky Nature Reserve,-57.05823,30.6515,WGS2014,10,13,ind / soil or litter samle,Raised peat bog,A.S. Zaitsev | V.N. Pavlov | K.S. Speranskaya,"Zaitsev A.S. 2013. Oribatid mite communities (Acari: Oribatida) in different habitats of the Polistovsky Nature Reserve (Pskov Region, Russia). Estonian Journal of Ecology. Vol. 62. P. 276-286. DOI: 10.3176/eco.2013.4.04.",IEE RAS
iee-2010-32,"Steganakarus striculus (Koch, 1836)",SPECIES,2010,2010-06-31,RU,Bezhanitsky district,Polistovsky Nature Reserve,57.05823,30.6515,WGS2015,10,3,ind / soil or litter samle,Raised peat bog,A.S. Zaitsev | V.N. Pavlov | K.S. Speranskaya,"Zaitsev A.S. 2013. Oribatid mite communities (Acari: Oribatida) in different habitats of the Polistovsky Nature Reserve (Pskov Region, Russia). Estonian Journal of Ecology. Vol. 62. P. 276-286. DOI: 10.3176/eco.2013.4.04.",IEE RAS
iee-2010-33,"Nothrus anauniensis Canestrini & Fanzago, 1876",SPECIES,2015,2015-08-06,RU,Bezhanitsky district,Polistovsky Nature Reserve,57.05707,30.62943,WGS2016,10,1,ind / soil or litter samle,Bottomland meadow,A.S. Zaitsev | V.N. Pavlov | K.S. Speranskaya,"Zaitsev A.S. 2013. Oribatid mite communities (Acari: Oribatida) in different habitats of the Polistovsky Nature Reserve (Pskov Region, Russia). Estonian Journal of Ecology. Vol. 62. P. 276-286. DOI: 10.3176/eco.2013.4.04.",IEE RAS
iee-2010-34,"Scheloribates laevigatus (Koch, 1835)",вид,2018,2018-08-02,RU,Bezhanitsky district,Polistovsky Nature Reserve,57.05707,30.62943,WGS2017,10,5,ind / soil or litter samle,Bottomland meadow,A.S. Zaitsev | V.N. Pavlov | K.S. Speranskaya,"Zaitsev A.S. 2013. Oribatid mite communities (Acari: Oribatida) in different habitats of the Polistovsky Nature Reserve (Pskov Region, Russia). Estonian Journal of Ecology. Vol. 62. P. 276-286. DOI: 10.3176/eco.2013.4.04.",IEE RAS
iee-2010-35,"Eupelops acromios (Hermann, 1804)",SPECIES,2019,2019-09-15,RU,Bezhanitsky district,Polistovsky Nature Reserve,57.36917,30.76238,WGS2018,10,2,ind / soil or litter samle,Upland meadow,A.S. Zaytsev | V.N. Pavlov | K.S. Speranskaya,"Zaitsev A.S. 2013. Oribatid mite communities (Acari: Oribatida) in different habitats of the Polistovsky Nature Reserve (Pskov Region, Russia). Estonian Journal of Ecology. Vol. 62. P. 276-286. DOI: 10.3176/eco.2013.4.04.",IEE RAS
iee-2010-36,"Ceratoppia bipilis (Hermann, 1804)",SPECIES,2010,2010-06-21,RU,Bezhanitsky district,Polistovsky Nature Reserve,57.36917,30.76238,WGS2019,10,1,ind / soil or litter samle,Upland meadow,A.S. Zaitsev | V.N. Pavlov | K.S. Speranskaya,"Zaitsev A.S. 2013. Oribatid mite communities (Acari: Oribatida) in different habitats of the Polistovsky Nature Reserve (Pskov Region, Russia). Estonian Journal of Ecology. Vol. 62. P. 276-286. DOI: 10.3176/eco.2013.4.04.",IEE RAS
iee-2010-37,"Platynothrus peltifer (Koch, 1840)",SPECIES,2013,2013-07-15,RU,Bezhanitsky district,Polistovsky Nature Reserve,57.36917,30.76238,WGS2020,10,72,ind / soil or litter samle,Upland meadow,A.S. Zaitsev | V.N. Pavlov | K.S. Speranskaya,"Zaitsev A.S. 2013. Oribatid mite communities (Acari: Oribatida) in different habitats of the Polistovsky Nature Reserve (Pskov Region, Russia). Estonian Journal of Ecology. Vol. 62. P. 276-286. DOI: 10.3176/eco.2013.4.04.",IEE RAS
iee-2010-38,"Steganacarus striculus (Koch, 1836)",SPECIES,2012,2012-07-31,RU,Bezhanitsky district,Polistovsky Nature Reserve,57.36917,30.76238,WGS2021,10,9,ind / soil or litter samle,Upland meadow,A.S. Zaitsev | V.N. Pavlov | K.S. Speranskaya,"Zaitsev A.S. 2013. Oribatid mite communities (Acari: Oribatida) in different habitats of the Polistovsky Nature Reserve (Pskov Region, Russia). Estonian Journal of Ecology. Vol. 62. P. 276-286. DOI: 10.3176/eco.2013.4.04.",IEE RAS
iee-2010-39,Trimalaconothrus foveolatus Willmann 1931,SPECIES,2018,2018-09-27,RU,Bezhanitsky district,Polistovsky Nature Reserve,57.36917,30.76238,WGS2022,10,15,ind / soil or litter samle,Upland meadow,A.S. Zaitsev | V.N. Pavlov | K.S. Speranskaya,"Zaitsev A.S. 2013. Oribatid mite communities (Acari: Oribatida) in different habitats of the Polistovsky Nature Reserve (Pskov Region, Russia). Estonian Journal of Ecology. Vol. 62. P. 276-286. DOI: 10.3176/eco.2013.4.04.",IEE RAS
iee-2010-40,"Nothrus anauniensis Canestrini & Fanzago, 1876",SPECIES,2013,2013-=06-14,RU,Bezhanitsky district,Polistovsky Nature Reserve,57.10317,30.39072,WGS2023,10,8,ind / soil or litter samle,Raised peat bog,A.S. Zaitsev | V.N. Pavlov | K.S. Speranskaya,"Zaitsev A.S. 2013. Oribatid mite communities (Acari: Oribatida) in different habitats of the Polistovsky Nature Reserve (Pskov Region, Russia). Estonian Journal of Ecology. Vol. 62. P. 276-286. DOI: 10.3176/eco.2013.4.04.",IEE RAS
iee-2010-41,"Galumna obvia (Berlese, 1914)",SPECIES,2010,2010-06-10,RU,Bezhanitsky district,Polistovsky Nature Reserve,57.10317,30.39072,WGS2024,10,5,ind / soil or litter samle,Raised peat bog,A.S. Zaitsev | V.N. Pavlov | K.S. Speranskaya,"Zaitsev A.S. 2013. Oribatid mite communities (Acari: Oribatida) in different habitats of the Polistovsky Nature Reserve (Pskov Region, Russia). Estonian Journal of Ecology. Vol. 62. P. 276-286. DOI: 10.3176/eco.2013.4.04.",IEE RAS
iee-2010-42,"Scheloribates laevigatus (Koch, 1835)",SPECIES,2018,2018-05-25,RU,Bezhanitsky district,Polistovsky Nature Reserve,57.10317,30.39072,WGS2025,10,9,ind / soil or litter samle,Raised peat bog,A.S. Zaitsev | V.N. Pavlov | K.S. Speranskaya,"Zaitsev A.S. 2013. Oribatid mite communities (Acari: Oribatida) in different habitats of the Polistovsky Nature Reserve (Pskov Region, Russia). Estonian Journal of Ecology. Vol. 62. P. 276-286. DOI: 10.3176/eco.2013.4.04.",IEE RAS
iee-2010-43,Tectocepheus velatus (Michael 1880),SPECIES,2017,2017-06-06,RU,Bezhanitsky district,Polistovsky Nature Reserve,57.10317,30.39072,WGS2026,10,24,ind / soil or litter samle,Raised peat bog,A.S. Zaitsev | V.N. Pavlov | K.S. Speranskaya,"Zaitsev A.S. 2013. Oribatid mite communities (Acari: Oribatida) in different habitats of the Polistovsky Nature Reserve (Pskov Region, Russia). Estonian Journal of Ecology. Vol. 62. P. 276-286. DOI: 10.3176/eco.2013.4.04.",IEE RAS
iee-2010-44,"Conchogneta willmanni (Dyrdowska, 1929)",SPECIES,2015,2015-07-23,RU,Bezhanitsky district,Polistovsky Nature Reserve,57.10197,30.43063,WGS2027,10,20,ind / soil or litter samle,Spruce forest,A.S. Zaitsev | V.N. Pavlov | K.S. Speranskaya,"Zaitsev A.S. 2013. Oribatid mite communities (Acari: Oribatida) in different habitats of the Polistovsky Nature Reserve (Pskov Region, Russia). Estonian Journal of Ecology. Vol. 62. P. 276-286. DOI: 10.3176/eco.2013.4.04.",IEE RAS
iee-2010-45,"Ceratopia bipilis (Hermann, 1804)",SPECIES,2010,,RU,Bezhanitsky district,Polistovsky Nature Reserve,57.10197,30.43063,WGS2028,10,10,ind / soil or litter samle,Spruce forest,A.S. Zaitsev | V.N. Pavlov | K.S. Speranskaya,"Zaitsev A.S. 2013. Oribatid mite communities (Acari: Oribatida) in different habitats of the Polistovsky Nature Reserve (Pskov Region, Russia). Estonian Journal of Ecology. Vol. 62. P. 276-286. DOI: 10.3176/eco.2013.4.04.",IEE RAS
iee-2010-46,"Germanniela dolosa Grandjean, 1931",SPECIES,206,2006-07-15,RU,Bezhanitsky district,Polistovsky Nature Reserve,57.10197,30.43063,WGS2029,10,2,ind / soil or litter samle,Spruce forest,A.S. Zaitsev | V.N. Pavlov | K.S. Speranskaya,"Zaitsev A.S. 2013. Oribatid mite communities (Acari: Oribatida) in different habitats of the Polistovsky Nature Reserve (Pskov Region, Russia). Estonian Journal of Ecology. Vol. 62. P. 276-286. DOI: 10.3176/eco.2013.4.04.",IEE RAS
iee-2010-47,"Nanhermannia nana (Nicolet, 1855)",SPECIES,2015,2015-08-04,RU,Bezhanitsky district,Polistovsky Nature Reserve,57.10197,30.43063,WGS2030,10,2,ind / soil or litter samle,Spruce forest,A.S. Zaitsev | V.N. Pavlov | K.S. Speranskaya,"Zaitsev A.S. 2013. Oribatid mite communities (Acari: Oribatida) in different habitats of the Polistovsky Nature Reserve (Pskov Region, Russia). Estonian Journal of Ecology. Vol. 62. P. 276-286. DOI: 10.3176/eco.2013.4.04.",IEE RAS
iee-2010-48,"Oribatula tibialis (Nicolet, 1855)",FAMILY,2017,2017-07-19,RU,Bezhanitsky district,Polistovsky Nature Reserve,57.10197,30.43063,WGS2031,10,5,ind / soil or litter samle,Spruce forest,A.S. Zaitsev | V.N. Pavlov | K.S. Speranskaya,"Zaitsev A.S. 2013. Oribatid mite communities (Acari: Oribatida) in different habitats of the Polistovsky Nature Reserve (Pskov Region, Russia). Estonian Journal of Ecology. Vol. 62. P. 276-286. DOI: 10.3176/eco.2013.4.04.",IEE RAS
iee-2010-49,Rhysotritia duplicata (Grandjean 1953),SPECIES,2012,2012-06-23,RU,Bezhanitsky district,Polistovsky Nature Reserve,57.10197,30.43063,WGS2032,10,6,ind / soil or litter samle,Spruce forest,A.S. Zaitsev | V.N. Pavlov | K.S. Speranskaya,"Zaitsev A.S. 2013. Oribatid mite communities (Acari: Oribatida) in different habitats of the Polistovsky Nature Reserve (Pskov Region, Russia). Estonian Journal of Ecology. Vol. 62. P. 276-286. DOI: 10.3176/eco.2013.4.04.",IEE RAS
iee-2010-50,"Scheloribates laevigatus (Koch, 1835)",SPECIES,2010,2011-09-12,RU,Bezhanitsky district,Polistovsky Nature Reserve,57.10197,30.43063,WGS2033,10,21,ind / soil or litter samle,Spruce forest,A.S. Zaitsev | V.N. Pavlov | K.S. Speranskaya,"Zaitsev A.S. 2013. Oribatid mite communities (Acari: Oribatida) in different habitats of the Polistovsky Nature Reserve (Pskov Region, Russia). Estonian Journal of Ecology. Vol. 62. P. 276-286. DOI: 10.3176/eco.2013.4.04.",IEE RAS
iee-2010-51,"Steganacarus carinatus (Koch, 1841)",SPECIES,2014,2014-06-26,RU,Bezhanitsky district,Polistovsky Nature Reserve,57.10197,30.43063,WGS2034,10,15,ind / soil or litter samle,Spruce forest,A.S. Zaitsev | V.N. Pavlov | K.S. Speranskaya,"Zaitsev A.S. 2013. Oribatid mite communities (Acari: Oribatida) in different habitats of the Polistovsky Nature Reserve (Pskov Region, Russia). Estonian Journal of Ecology. Vol. 62. P. 276-286. DOI: 10.3176/eco.2013.4.04.",IEE RAS
iee-2010-52,"Belba corynopus (Hermann, 1804)",SPECIES,2015,2015-07-26,RU,Bezhanitsky district,Polistovsky Nature Reserve,57.51655,30.75967,WGS2035,10,2,ind / soil or litter samle,Secondary foresy (Alnus sp.),A.S. Zaitsev | V.N. Pavlov | K.S. Speranskaya,"Zaitsev A.S. 2013. Oribatid mite communities (Acari: Oribatida) in different habitats of the Polistovsky Nature Reserve (Pskov Region, Russia). Estonian Journal of Ecology. Vol. 62. P. 276-286. DOI: 10.3176/eco.2013.4.04.",IEE RAS
iee-2010-53,"Platynothrus peltifer (Koch, 1840)",SPECIES,2018,2018-08-24,RU,Bezhanitsky district,Polistovsky Nature Reserve,57.51655,30.75967,WGS2036,10,19,ind / soil or litter samle,Secondary foresy (Alnus sp.),A.S. Zaitsev | V.N. Pavlov | K.S. Speranskaya,"Zaitsev A.S. 2013. Oribatid mite communities (Acari: Oribatida) in different habitats of the Polistovsky Nature Reserve (Pskov Region, Russia). Estonian Journal of Ecology. Vol. 62. P. 276-286. DOI: 10.3176/eco.2013.4.04.",IEE RAS
iee-2010-54,Rhysotritia duplicata (Grandjean 1953),SPECIES,2000,2000-06-18,RU,Bezhanitsky district,Polistovsky Nature Reserve,57.51655,30.75967,WGS2037,10,1,ind / soil or litter samle,Secondary foresy (Alnus sp.),A.S. Zaitsev | V.N. Pavlov | K.S. Speranskaia,"Zaitsev A.S. 2013. Oribatid mite communities (Acari: Oribatida) in different habitats of the Polistovsky Nature Reserve (Pskov Region, Russia). Estonian Journal of Ecology. Vol. 62. P. 276-286. DOI: 10.3176/eco.2013.4.04.",IEE RAS
iee-2010-55,"Scheloribates laevigatus (Koch, 1835)",SPECIES,2017,2017-07-23,RU,Bezhanitsky district,Polistovsky Nature Reserve,57.51655,30.75967,WGS2038,10,5,ind / soil or litter samle,Secondary foresy (Alnus sp.),A.S. Zaitsev | V.N. Pavlov | K.S. Speranskaya,"Zaitsev A.S. 2013. Oribatid mite communities (Acari: Oribatida) in different habitats of the Polistovsky Nature Reserve (Pskov Region, Russia). Estonian Journal of Ecology. Vol. 62. P. 276-286. DOI: 10.3176/eco.2013.4.04.",IEE RAS
iee-2010-56,Tectocepheus velatus (Michael 1880),SPECIES,2017,2017-09-01,RU,Bezhanitsky district,Polistovsky Nature Reserve,57.51655,30.75967,WGS2039,10,2,ind / soil or litter samle,Secondary foresy (Alnus sp.),A.S. Zaitsev | V.N. Pavlov | K.S. Speranskaya,"Zaitsev A.S. 2013. Oribatid mite communities (Acari: Oribatida) in different habitats of the Polistovsky Nature Reserve (Pskov Region, Russia). Estonian Journal of Ecology. Vol. 62. P. 276-286. DOI: 10.3176/eco.2013.4.04.",IEE RAS
iee-2010-56,"Сonchogneta willmanni (Dyrdowska, 1929)",SPECIES,2013,2013-06-15,RU,Bezhanitsky district,Polistovsky Nature Reserve,57.1018,30.3878,WGS2040,10,23,ind / soil or litter samle,Spruce forest,A.S. Zaitsev | V.N. Pavlov | K.S. Speranskaya,"Zaitsev A.S. 2013. Oribatid mite communities (Acari: Oribatida) in different habitats of the Polistovsky Nature Reserve (Pskov Region, Russia). Estonian Journal of Ecology. Vol. 62. P. 276-286. DOI: 10.3176/eco.2013.4.04.",IEE RAS
iee-2010-58,"Cepheus cepheiformis (Nicolet, 1855)",SPECIES,2012,2012-07-20,RU,Bezhanitsky district,Polistovsky Nature Reserve,57.1018,30.3878,WGS2041,10,3,ind / soil or litter samle,Spruce forest,A.S. Zaitsev | V.N. Pavlov | K.S. Speranskaya,"Zaitsev A.S. 2013. Oribatid mite communities (Acari: Oribatida) in different habitats of the Polistovsky Nature Reserve (Pskov Region, Russia). Estonian Journal of Ecology. Vol. 62. P. 276-286. DOI: 10.3176/eco.2013.4.04.",IEE RAS
iee-2010-59,"Chamobates cuspidatus (Michael, 1884)",SPECIES,2014,2014-05-19,RU,Bezhanitsky district,Polistovsky Nature Reserve,57.1018,30.3878,WGS2042,10,7,ind / soil or litter samle,Spruce forest,A.S. Zaitsev | V.N. Pavlov | K.S. Speranskaya,"Zaitsev A.S. 2013. Oribatid mite communities (Acari: Oribatida) in different habitats of the Polistovsky Nature Reserve (Pskov Region, Russia). Estonian Journal of Ecology. Vol. 62. P. 276-286. DOI: 10.3176/eco.2013.4.04.",IEE RAS
iee-2010-60,"Galumna obvia (Berlese, 1914)",SPECIES,2019,2019-06-14,RU,Bezhanitsky district,Polistovsky Nature Reserve,57.1018,30.3878,WGS2043,10,3,ind / soil or litter samle,Spruce forest,A.S. Zaitsev | V.N. Pavlov | K.S. Speranskaya,"Zaitsev A.S. 2013. Oribatid mite communities (Acari: Oribatida) in different habitats of the Polistovsky Nature Reserve (Pskov Region, Russia). Estonian Journal of Ecology. Vol. 62. P. 276-286. DOI: 10.3176/eco.2013.4.04.",IEE RAS
iee-2010-61,"Нoplophthiracarus illinoisensis (Еwing, 1909)",SPECIES,2013,2013-06-23,RU,Bezhanitsky district,Polistovsky Nature Reserve,57.1018,30.3878,WGS2044,10,1,ind / soil or litter samle,Spruce forest,A.S. Zaitsev | V.N. Pavlov | K.S. Speranskaya,"Zaitsev A.S. 2013. Oribatid mite communities (Acari: Oribatida) in different habitats of the Polistovsky Nature Reserve (Pskov Region, Russia). Estonian Journal of Ecology. Vol. 62. P. 276-286. DOI: 10.3176/eco.2013.4.04.",IEE RAS
iee-2010-62,"Nothrus anauniensis Canestrini & Fanzago, 1876",SPECIES,2015,2015-08-27,RU,Bezhanitsky district,Polistovsky Nature Reserve,57.1018,30.3878,WGS2045,10,2,ind / soil or litter samle,Spruce forest,A.S. Zaitsev | V.N. Pavlov | K.S. Speranskaya,"Zaitsev A.S. 2013. Oribatid mite communities (Acari: Oribatida) in different habitats of the Polistovsky Nature Reserve (Pskov Region, Russia). Estonian Journal of Ecology. Vol. 62. P. 276-286. DOI: 10.3176/eco.2013.4.04.",IEE RAS
iee-2010-63,Rhysotritia duplicata (Grandjean 1953),SPECIES,2017,2017-06-18,RU,Bezhanitsky district,Polistovsky Nature Reserve,57.1018,30.3878,WGS2046,10,1,ind / soil or litter samle,Spruce forest,A.S. Zaitsev | V.N. Pavlov | K.S. Speranskaya,"Zaitsev A.S. 2013. Oribatid mite communities (Acari: Oribatida) in different habitats of the Polistovsky Nature Reserve (Pskov Region, Russia). Estonian Journal of Ecology. Vol. 62. P. 276-286. DOI: 10.3176/eco.2013.4.04.",IEE RAS
iee-2010-64,"Scheloribates laevigatus (Koch, 1835)",SPECIES,2010,2010-06-30,RU,Bezhanitsky district,Polistovsky Nature Reserve,57.1018,30.3878,WGS2047,10,7,ind / soil or litter samle,Spruce forest,A.S. Zaitsev | V.N. Pavlov | K.S. Speranskaya,"Zaitsev A.S. 2013. Oribatid mite communities (Acari: Oribatida) in different habitats of the Polistovsky Nature Reserve (Pskov Region, Russia). Estonian Journal of Ecology. Vol. 62. P. 276-286. DOI: 10.3176/eco.2013.4.04.",IEE RAS
iee-2010-65,"Conchogneta wilmanni (Dyrdowska, 1929)",SPECIES,2016,2016-07-12,RU,Bezhanitsky district,Polistovsky Nature Reserve,57.17522,30.64705,WGS2048,10,4,ind / soil or litter samle,Spruce forest,A.S. Zaitsev | V.N. Pavlov | K.S. Speranskaya,"Zaitsev A.S. 2013. Oribatid mite communities (Acari: Oribatida) in different habitats of the Polistovsky Nature Reserve (Pskov Region, Russia). Estonian Journal of Ecology. Vol. 62. P. 276-286. DOI: 10.3176/eco.2013.4.04.",IEE RAS
iee-2010-66,"Cepheus cepheiformis (Nicolet, 1855)",SPECIES,2014,2014-07-18,RU,Bezhanitsky district,Polistovsky Nature Reserve,57.17522,30.64705,WGS2049,1  degree,10,ind / soil or litter samle,Spruce forest,A.S. Zaitsev | V.N. Pavlov | K.S. Speranskaya,"Zaitsev A.S. 2013. Oribatid mite communities (Acari: Oribatida) in different habitats of the Polistovsky Nature Reserve (Pskov Region, Russia). Estonian Journal of Ecology. Vol. 62. P. 276-286. DOI: 10.3176/eco.2013.4.04.",IEE RAS
iee-2010-67,"Chamobates cuspidatus (Michael, 1884)",SPECIES,2008,2008-09-03,RU,Bezhanitsky district,Polistovsky Nature Reserve,57.17522,30.64705,WGS2050,10,20,ind / soil or litter samle,Spruce forest,A.S. Zaitsev | V.N. Pavlov | K.S. Speranskaya,"Zaitsev A.S. 2013. Oribatid mite communities (Acari: Oribatida) in different habitats of the Polistovsky Nature Reserve (Pskov Region, Russia). Estonian Journal of Ecology. Vol. 62. P. 276-286. DOI: 10.3176/eco.2013.4.04.",IEE RAS
iee-2010-68,"Eupelops acromios (Hermann, 1804)",SPECIES,2009,2009-06-05,RU,Bezhanitsky district,Polistovsky Nature Reserve,57.17522,30.64705,WGS2051,10,2,ind / soil or litter samle,Spruce forest,A.S. Zaitsev | V.N. Pavlov | K.S. Speranskaya,"Zaitsev A.S. 2013. Oribatid mite communities (Acari: Oribatida) in different habitats of the Polistovsky Nature Reserve (Pskov Region, Russia). Estonian Journal of Ecology. Vol. 62. P. 276-286. DOI: 10.3176/eco.2013.4.04.",IEE RAS
iee-2010-69,"Hoplophthiracarus illinoisensis (Ewing, 1909)",SPECIES,2007,20007-06-17,RU,Bezhanitsky district,Polistovsky Nature Reserve,57.17522,30.64705,WGS2052,10,3,ind / soil or litter samle,Spruce forest,A.S. Zaitsev | V.N. Pavlov | K.S. Cperanskaya,"Zaitsev A.S. 2013. Oribatid mite communities (Acari: Oribatida) in different habitats of the Polistovsky Nature Reserve (Pskov Region, Russia). Estonian Journal of Ecology. Vol. 62. P. 276-286. DOI: 10.3176/eco.2013.4.04.",IEE RAS
iee-2010-70,"Nanhermannia dorsalis (Banks, 1896)",SPECIES,2010,2010-06-26,RU,Bezhanitsky district,Polistovsky Nature Reserve,57°17’522’’,30° 64’ 705’’,WGS2053,10,8,ind / soil or litter samle,Spruce forest,A.S. Zaitsev | V.N. Pavlov | K.S. Speranskaya,"Zaitsev A.S. 2013. Oribatid mite communities (Acari: Oribatida) in different habitats of the Polistovsky Nature Reserve (Pskov Region, Russia). Estonian Journal of Ecology. Vol. 62. P. 276-286. DOI: 10.3176/eco.2013.4.04.",IEE RAS
iee-2010-71,"Oppiella nova (Oudemans, 1902)",SPECIES,2010,2010-05-15,RU,Bezhanitsky district,Polistovsky Nature Reserve,57.17522,30.64705,WGS2054,10,2,ind / soil or litter samle,Spruce forest,A.S. Zaitsev | V.N. Pavlov | K.S. Speranskaya,"Zaitsev A.S. 2013. Oribatid mite communities (Acari: Oribatida) in different habitats of the Polistovsky Nature Reserve (Pskov Region, Russia). Estonian Journal of Ecology. Vol. 62. P. 276-286. DOI: 10.3176/eco.2013.4.04.",IEE RAS
iee-2010-72,"Punctoribates punctum (Koch, 1839)",SPECIES,2010,2010-07=08,RU,Bezhanitsky district,Polistovsky Nature Reserve,57.17522,30.64705,WGS2055,10,24,ind / soil or litter samle,Spruce forest,A.S. Zaitsev | V.N. Pavlov | K.S. Speranskaya,"Zaitsev A.S. 2013. Oribatid mite communities (Acari: Oribatida) in different habitats of the Polistovsky Nature Reserve (Pskov Region, Russia). Estonian Journal of Ecology. Vol. 62. P. 276-286. DOI: 10.3176/eco.2013.4.04.",IEE RAS
iee-2010-73,"Steganacarus karinatus (Koch, 1841)",SPECIES,2015,2015-06-21,RU,Bezhanitsky district,Polistovsky Nature Reserve,57.17522,30.64705,WGS2056,10,18,ind / soil or litter samle,Spruce forest,A.S. Zaitsev | V.N. Pavlov | K.S. Speranskaya,"Zaitsev A.S. 2013. Oribatid mite communities (Acari: Oribatida) in different habitats of the Polistovsky Nature Reserve (Pskov Region, Russia). Estonian Journal of Ecology. Vol. 62. P. 276-286. DOI: 10.3176/eco.2013.4.04.",IEE RAS
iee-2010-74,Xenillus tegeocranus (Hermann 1804),SPECIES,2013,2013-007-26,RU,Bezhanitsky district,Polistovsky Nature Reserve,57.17522,30.64705,WGS2057,10,2,ind / soil or litter samle,Spruce forest,A.S. Zaitsev | V.N. Pavlov | K.S. Speranskaya,"Zaitsev A.S. 2013. Oribatid mite communities (Acari: Oribatida) in different habitats of the Polistovsky Nature Reserve (Pskov Region, Russia). Estonian Journal of Ecology. Vol. 62. P. 276-286. DOI: 10.3176/eco.2013.4.04.",IEE RAS
iee-2010-75,"Carabus marginatus (Michael, 1884)",SPECIES,2010,2010-06-30,RU,Bezhanitsky district,Polistovsky Nature Reserve,57.05683,30.64625,WGS2058,10,1,ind / soil or litter samle,Mixed forest (Populus tremula + Betula sp.),A.S. Zaitsev | V.N. Pavlov | K.S. Speranskaya,"Zaitsev A.S. 2013. Oribatid mite communities (Acari: Oribatida) in different habitats of the Polistovsky Nature Reserve (Pskov Region, Russia). Estonian Journal of Ecology. Vol. 62. P. 276-286. DOI: 10.3176/eco.2013.4.04.",IEE RAS
iee-2010-76,"Euzetes globulus (Nicolet, 1855)",SPECIES,2019,2019-06-01,RU,Bezhanitsky district,Polistovsky Nature Reserve,57.05683,30.64625,WGS2059,10,3,ind / soil or litter samle,Mixed forest (Populus tremula + Betula sp.),A.S. Zaitsev | V.N. Pavlov | K.S. Speranskaya,"Zaitsev A.S. 2013. Oribatid mite communities (Acari: Oribatida) in different habitats of the Polistovsky Nature Reserve (Pskov Region, Russia). Estonian Journal of Ecology. Vol. 62. P. 276-286. DOI: 10.3176/eco.2013.4.04.",IEE RAS
iee-2010-77,"Minunthozetes semirufus (Koch, 1841)",SPECIES,2017,2017=09=05,RU,Bezhanitsky district,Polistovsky Nature Reserve,57.05683,30.64625,WGS2060,10,91,ind / soil or litter samle,Mixed forest (Populus tremula + Betula sp.),A.S. Zaitsev | V.N. Pavlov | K.S. Speranskaya,"Zaitsev A.S. 2013. Oribatid mite communities (Acari: Oribatida) in different habitats of the Polistovsky Nature Reserve (Pskov Region, Russia). Estonian Journal of Ecology. Vol. 62. P. 276-286. DOI: 10.3176/eco.2013.4.04.",IEE RAS
iee-2010-78,Lauroppia falcata (Paoli 1908),SPECIES,2015,2015-07-18,RU,Bezhanitsky district,Polistovsky Nature Reserve,57.05683,30.64625,WGS2061,10,1,ind / soil or litter samle,Mixed forest (Populus tremula + Betula sp.),A.S. Zaitsev | V.N. Pavlov | K.S. Speranskaya,"Zaitsev A.S. 2013. Oribatid mite communities (Acari: Oribatida) in different habitats of the Polistovsky Nature Reserve (Pskov Region, Russia). Estonian Journal of Ecology. Vol. 62. P. 276-286. DOI: 10.3176/eco.2013.4.04.",IEE RAS
iee-2010-79,"Phthiracarus globosus (Koch, 1841)",SPECIES,2011,2011-06-05,RU,Bezhanitsky district,Polistovsky Nature Reserve,57.05683,30.64625,WGS2062,10,1,ind / soil or litter samle,Mixed forest (Populus tremula + Betula sp.),A.S. Zaitsev | V.N. Pavlov | K.S. Speranskaya,"Zaitsev A.S. 2013. Oribatid mite communities (Acari: Oribatida) in different habitats of the Polistovsky Nature Reserve (Pskov Region, Russia). Estonian Journal of Ecology. Vol. 62. P. 276-286. DOI: 10.3176/eco.2013.4.04.",IEE RAS
iee-2010-80,"Steganacarus striculus (Koch, 1836)",SPECIES,2010,20010-06-09,RU,Bezhanitsky district,Polistovsky Nature Reserve,57.05683,30.64625,WGS2063,10,5,ind / soil or litter samle,Mixed forest (Populus tremula + Betula sp.),A.S. Zaitsev | V.N. Pavlov | K.S. Speranskaya,"Zaitsev A.S. 2013. Oribatid mite communities (Acari: Oribatida) in different habitats of the Polistovsky Nature Reserve (Pskov Region, Russia). Estonian Journal of Ecology. Vol. 62. P. 276-286. DOI: 10.3176/eco.2013.4.04.",IEE RAS
iee-2010-81,Suctobelbella palustris (Forsslund 1953),SPECIES,20010,2010-07-17,RU,Bezhanitsky district,Polistovsky Nature Reserve,57.05683,30.64625,WGS2064,10,2,ind / soil or litter samle,Mixed forest (Populus tremula + Betula sp.),A.S. Zaitsev | V.N. Pavlov | K.S. Speranskaya,"Zaitsev A.S. 2013. Oribatid mite communities (Acari: Oribatida) in different habitats of the Polistovsky Nature Reserve (Pskov Region, Russia). Estonian Journal of Ecology. Vol. 62. P. 276-286. DOI: 10.3176/eco.2013.4.04.",IEE RAS
iee-2010-82,"Minunthozetes semirufus (Koch, 1841)",SPECIES,2010,2013-07-25,RU,Bezhanitsky district,Polistovsky Nature Reserve,N 57.22.024,E 30.46.757,WGS2065,10,85,ind / soil or litter samle,alder forest,A.S. Zaitsev | V.N. Pavlov | K.S. Speranskaya,"Zaitsev A.S. 2013. Oribatid mite communities (Acari: Oribatida) in different habitats of the Polistovsky Nature Reserve (Pskov Region, Russia). Estonian Journal of Ecology. Vol. 62. P. 276-286. DOI: 10.3176/eco.2013.4.04.",IEE RAS
iee-2010-83,"Phthiracarus globosus (Koch, 1841)",FAMILY,2013,2013-05-30,RU,Bezhanitsky district,Polistovsky Nature Reserve,57.36707,30.77928,WGS2066,10,15,ind / soil or litter samle,alder forest,A.S. Zaitsev | V.N. Pavlov | K.S. Speranskaya,"Zaitsev A.S. 2013. Oribatid mite communities (Acari: Oribatida) in different habitats of the Polistovsky Nature Reserve (Pskov Region, Russia). Estonian Journal of Ecology. Vol. 62. P. 276-286. DOI: 10.3176/eco.2013.4.04.",IEE RAS
iee-2010-84,"Steganacarus striculus (Koch, 1836)",SPECIES,2015,2015-07-28,RU,Bezhanitsky district,Polistovsky Nature Reserve,N 57.03.494,E 30.39.090,WGS2067,10,13,ind / soil or litter samle,alder forest,A.S. Zaitsev | V.N. Pavlov | K.S. Speranskaya,"Zaitsev A.S. 2013. Oribatid mite communities (Acari: Oribatida) in different habitats of the Polistovsky Nature Reserve (Pskov Region, Russia). Estonian Journal of Ecology. Vol. 62. P. 276-286. DOI: 10.3176/eco.2013.4.04.",IEE RAS
