number,species,DBH,heigth
1,maple,9,10.8
2,spruce,35,8.3
3,linden,29,21.5
4,linden,21,11.4
5,rowan,17,3.9
6,birch,42,25.1
7,linden,10,9.7
8,maple,7,8.9
9,maple,10,10.5
10,linden,6,8.4
11,linden,27,20.7
12,spruce,42,10.1
13,spruce,15,12.2
14,maple,9,10.3
15,linden,7,7.3
16,spruce,29,24.8
17,linden,27,22.8
18,spruce,13,12.5
19,linden,29,25.4
20,linden,12,9.9
21,linden,32,23.8
22,linden,6,7.4
23,maple,7,7.4
24,spruce,47,29.5
25,spruce,38,26.3
26,rowan,17,16.2
27,linden,37,23.8
28,linden,12,9
29,spruce,37,27.2
30,spruce,22,21.8
31,linden,8,8.7
32,spruce,31,26.2
33,spruce,7,5
34,spruce,29,25.2
35,linden,6,5.8
36,linden,42,29
37,linden,25,22.6
38,willow,35,21.2
39,linden,16,19.8
40,spruce,8,6.1
41,linden,22,22
42,spruce,7,5.4
43,linden,19,19.3
44,linden,27,24.3
45,maple,7,10.3
46,linden,15,10.5
47,rowan,17,12
48,spruce,51,26.8
49,rowan,8,7.6
50,spruce,35,28.4
51,spruce,39,29.7
52,linden,6,6.8
53,linden,8,7.6
54,linden,7,7.6
55,linden,23,22.4
56,linden,21,21.3
57,linden,6,6.5
58,linden,9,10
59,spruce,51,12.5
60,linden,6,7.4
61,spruce,39,29.9
62,spruce,43,26.3
63,spruce,8,6.8
64,spruce,49,28.4
65,spruce,28,24.7
66,spruce,42,27.3
67,spruce,45,28.7
68,rowan,14,15.1
69,linden,11,10.3
70,linden,30,22.9
71,linden,11,25.8
72,linden,44,25.8
73,linden,18,16.1
74,linden,26,18.3
75,spruce,12,12.4
76,spruce,6,4
77,spruce,6,4.6
78,spruce,6,3.8
79,linden,21,15.6
80,linden,37,25.5
81,spruce,8,5.7
82,linden,12,8.6
83,maple,6,8.4
84,spruce,8,6.2
85,spruce,43,28.2
86,spruce,6,5.5
87,spruce,26,22.4
88,rowan,16,14.6
89,spruce,34,20.9
90,rowan,13,11.8
91,rowan,13,6.8
92,spruce,33,24.1
93,spruce,44,27.4
94,spruce,8,6.3
95,linden,24,23.3
96,linden,28,23.5
97,birch,41,27.7
98,spruce,44,28.3
99,linden,24,24.7
100,linden,22,8.3
101,linden,26,25.4
102,linden,24,25.4
103,linden,16,18.8
104,linden,25,25.6
105,linden,7,7.3
106,linden,38,26.9
